Nr identyfikacyjny księgarni,Nazwa księgarni,Ulica i numer domu,Kod pocztowy,Miasto
1,Birth Think,Serdeczna,20-703,Lublin
2,Rocket Crying,Leszczynowa,70-766,Szczecin
3,Investment Sparks,Galeonowa,60-480,Poznań
4,Servants Saver,Sałatowa,91-143,Łódź
5,Savvy Son,Niemcewicza Juliana Ursyna,15-196,Białystok
6,Change Emerald,Kraszewskiego Józefa,60-518,Poznań
7,Streams Matters,Józefowska,41-219,Sosnowiec
8,Change Thorns,Urodzajna,31-235,Kraków
9,Change Girlfriend,Pankiewicza Józefa,31-999,Kraków
10,Slave Plans,Chabrów,41-700,Ruda Śląska
11,Science Star,Fultona Roberta,80-172,Gdańsk
12,Medi School,Nehringa Władysława,71-814,Szczecin
13,Aqua Roses,Lutego Tura,30-398,Kraków
14,Grand Lord,Instytucja ZPR-Express Sp. z o.o. Al. Jerozolimskie 28,00-939,Warszawa
15,Investment Stream,Dębowa,41-923,Bytom
16,Consumer Fairy,Kanadyjska,54-402,Wrocław
17,Valley Repair,Bokserska,02-682,Warszawa
18,Husband Tiger,Myśliwska,47-403,Racibórz
19,Prophecy Bright,Brata Alberta,41-710,Ruda Śląska
20,Twins Innovation,Gimnazjalna,01-364,Warszawa
21,Wind Ops,Kazimierza Wielkiego,02-249,Warszawa
22,Weeping Foundation,Energetyki,41-923,Bytom
23,Magic Platform,Kalksztajnów,81-207,Gdynia
24,Tale Traders,Beskidzka,41-500,Chorzów
25,Voyagers Comm.,Przybyszewskiego Stanisława,60-356,Poznań
26,Game Kick,Generała Roweckiego Stefana Grota,52-218,Wrocław
27,Girl Send,Pl. Katyński,15-279,Białystok
28,Steel Flight,Hiacyntowa,11-041,Olsztyn
29,Rings Sphere,Stawowa,42-500,Będzin
30,Town End,Skrytki Pocztowe Poczta Toruń 017 Łyskowskiego 18,87-116,Toruń
31,Focus Luck,Szklana,41-300,Dąbrowa Górnicza
32,Peace Blade,Bociania,65-505,Zielona Góra
33,Illusion Drop,Wiślana,40-219,Katowice
34,Planet Options,Goździkowa,65-012,Zielona Góra
35,Pod Way,Czereśniowa,43-190,Mikołów
36,Silence Safety,Poczta Lniano,86-141,Lniano
37,Mountain Sex,Strzałkowskiego Bzymka Edwarda,30-138,Kraków
38,Savior Planner,Lutomierska,91-041,Łódź
39,Capital Slaves,Poczta Susz Słowiańska 24,14-240,Susz
40,Craft Night,Asnyka Adama,43-600,Jaworzno
41,Gift Digest,Husa Jana,80-315,Gdańsk
42,Cross Emerald,Podchorążych,85-677,Bydgoszcz
43,Thoughts Advisors,Urbanistów,31-723,Kraków
44,Building Children,Różana,44-330,Jastrzębie-Zdrój
45,Ready Nothing,Dolna Wilda,61-492,Poznań
46,Lights Leads,Spokojna,20-074,Lublin
47,Illusion Ability,Poczta Olecko 001,19-400,Olecko
48,Force Speak,Mehoffera Józefa,31-322,Kraków
49,Sex Kick,Karczówkowska,25-019,Kielce
50,Technology Shard,Malczewskiego Jacka,41-902,Bytom
51,Technology Person,Leszczyńskiego Stanisława,02-496,Warszawa
52,Predator Analysis,28 Czerwca 1956 r.,61-526,Poznań
53,Icon Consort,Niekłańska,03-915,Warszawa
54,Carbon Boy,Szańcowa,01-458,Warszawa
55,Safety Illusion,Pl. Daszyńskiego Ignacego,10-586,Olsztyn
56,Enterprise Woman,Pl. Konstytucji,00-550,Warszawa
57,Voyages Ability,Osiedle Złotego Wieku,31-618,Kraków
58,Enterprise End,Filarecka,30-110,Kraków
59,Darkness Delivery,Małopolska,60-619,Poznań
60,Something Learn,Węgierska,65-941,Zielona Góra
61,Solution Tower,Sujkowskiego Bogusława,85-342,Bydgoszcz
62,Legend Mill,Urbanistów,02-397,Warszawa
63,Vital Wings,Skrytki Pocztowe Poczta Rumia 001 Pomorska 11 A,84-230,Rumia
64,Male Drop,Lwowska,00-658,Warszawa
65,Flight Mentor,Modra,60-387,Poznań
66,Male Speak,Jesienna,42-400,Zawiercie
67,Dreamer Ways,Bławatna,10-862,Olsztyn
68,Sonic Wizards,Bruna Juliana,02-594,Warszawa
69,Person Platform,Łowiecka,42-400,Zawiercie
70,Talent Secret,Górna,10-040,Olsztyn
71,Advanced Emerald,Wierzyńskiego Kazimierza,45-524,Opole
72,Concept Dragon,Rozbrat,00-429,Warszawa
73,Corporate Child,Poczta Sadkowice,96-206,Sadkowice
74,Techno Eye,Poczta Stary Chwalim,78-461,Stary Chwalim
75,Omega Mists,Zachodnia,90-725,Łódź
76,Door Drop,Przy Agorze,01-930,Warszawa
77,Vital Window,Skrytki Pocztowe Poczta Warszawa 131 Samolotowa 4,03-996,Warszawa
78,Windows Platform,Nowa Niepodległości,10-566,Olsztyn
79,Rocket Girl,Dokerów,15-591,Białystok
80,Death Summit,Marszałka Piłsudskiego Józefa,31-110,Kraków
81,Cycle Name,Podleśna,44-336,Jastrzębie-Zdrój
82,Hunter Answers,Poczta Łoniów,27-670,Łoniów
83,Solution Birch,Łużycka,75-109,Koszalin
84,Serpent Trainer,Pl. Świętego Maksymiliana Kolbego,31-610,Kraków
85,Positive Witches,Kopernika Mikołaja,00-359,Warszawa
86,Eyes Innovation,Kanałowa,60-709,Poznań
87,Waves Sage,Sośnia Góra,43-195,Mikołów
88,Town Emerald,Poczta Sochocin Nadrzeczna 13,09-110,Sochocin
89,Alien Advantage,Podróżnicza,03-111,Warszawa
90,Silk Advisors,Poczta Radków Kłodzki,57-420,Radków
91,Time Revolution,Ogród Dendrologiczny imienia Profesora S. Kownasa,71-438,Szczecin
92,Switch Twins,Fondamińskiego Edwarda,00-215,Warszawa
93,Names Options,Zajęcza,00-351,Warszawa
94,Technology Darkness,Bromboszcza Wincentego,43-190,Mikołów
95,Legacy Coaching,Kolejowa,75-108,Koszalin
96,Lords Status,Gdyńska,91-349,Łódź
97,Omega Flying,Księdza Góreckiego Mariana,80-544,Gdańsk
98,Eye Coaching,"""Generała Chruściela Antoniego """"Montera""""""",04-454,Warszawa
99,Financial Girl,Zadole,40-605,Katowice
100,Birth Secure,Bohaterów Getta,15-450,Białystok
